,precision,recall,f1-score,support
0,0.9805352798053528,0.9664268585131894,0.9734299516908212,417.0
1,0.9071925754060325,0.9376498800959233,0.9221698113207547,417.0
2,0.9572446555819477,0.9393939393939394,0.9482352941176471,429.0
accuracy,0.9477434679334917,0.9477434679334917,0.9477434679334917,0.9477434679334917
macro avg,0.9483241702644443,0.9478235593343508,0.9479450190430744,1263.0
weighted avg,0.9484089254693613,0.9477434679334917,0.9479477770010275,1263.0
